{"temp_maxthreshold": 7.408731220845151, "precipitationthreshold": 25.464688048422136, "temp_minthreshold": 4.725189364888067, "windthreshold": 3.5310199515456318}