{"temp_maxthreshold": 7.408957178059572, "precipitationthreshold": 25.464813970501957, "temp_minthreshold": 4.71778438225053, "windthreshold": 3.530241876178578}